timestamp_utc,os,os_name,os_version,os_arch,java_version,git_commit,benchmark,scenario,iterations,mean_ms,median_ms,p95_ms,min_ms,max_ms
20261005-074529,linux,Linux,6.18.44-fc-v70,amd64,21.0.11,0d962f4,1-background-texture,legacy,2000,17.3710,16.7332,25.2985,12.4982,33.0578
20261005-074529,linux,Linux,6.18.44-fc-v70,amd64,21.0.11,0d962f4,1-background-texture,current-texturepaint,2000,15.3529,15.0200,20.7248,11.2687,28.8857
20261005-074529,linux,Linux,6.18.44-fc-v70,amd64,21.0.11,0d962f4,1-background-texture,current-tiled,2000,6.3336,6.4977,8.1142,4.8267,14.0725
20261005-074529,linux,Linux,6.18.44-fc-v70,amd64,21.0.11,0d962f4,2-layer-dispatch,legacy,5000,0.0008,0.0008,0.0009,0.0008,0.0293
20261005-074529,linux,Linux,6.18.44-fc-v70,amd64,21.0.11,0d962f4,2-layer-dispatch,current,5000,0.0197,0.0166,0.0330,0.0026,1.3140
20261005-074529,linux,Linux,6.18.44-fc-v70,amd64,21.0.11,0d962f4,2-layer-dispatch,current-reused,5000,0.0018,0.0018,0.0018,0.0017,0.0374
20261005-074529,linux,Linux,6.18.44-fc-v70,amd64,21.0.11,0d962f4,3-glyph-cache-stable,legacy,5000,0.1972,0.1876,0.2720,0.1310,1.5770
20261005-074529,linux,Linux,6.18.44-fc-v70,amd64,21.0.11,0d962f4,3-glyph-cache-stable,current,5000,0.1479,0.1314,0.2243,0.1123,1.0986
20261005-074529,linux,Linux,6.18.44-fc-v70,amd64,21.0.11,0d962f4,3-glyph-cache-changing,legacy,5000,0.1855,0.1765,0.2752,0.0399,7.3382
20261005-074529,linux,Linux,6.18.44-fc-v70,amd64,21.0.11,0d962f4,3-glyph-cache-changing,current,5000,0.1733,0.1798,0.2540,0.0504,1.2070
